Pos,Team,Player,Salary,projOwn%,actualOwn%,Diff,Proj,Scored,dk_id,dk_player_name,dk_name_plus_id,dk_team_abbr,dk_salary,dk_slate_date,dk_game_key,salary_diff,candidate_count,best_tie_count,match_method,match_status
F,,Hannes Steinbach,"$11,100",2.35%,0%,0%,44.02,59.0,42168486,Hannes Steinbach,Hannes Steinbach (42168486),UW,11100,2026-03-04,USC@UW,0.0,2,1,exact_name,matched
G,,Darius Acuff Jr.,"$9,900",10.75%,8.80%,-1.90%,45.62,53.25,42168490,Darius Acuff Jr.,Darius Acuff Jr. (42168490),ARK,9900,2026-03-04,TEX@ARK,0.0,4,1,exact_name,matched
F,,Trevon Brazile,"$8,200",6.30%,1.26%,-5%,30.29,49.25,42168528,Trevon Brazile,Trevon Brazile (42168528),ARK,8200,2026-03-04,TEX@ARK,0.0,4,1,exact_name,matched
G/F,,Barry Dunning Jr.,"$6,700",14.16%,17.14%,3%,29.23,48.0,42168597,Barry Dunning Jr.,Barry Dunning Jr. (42168597),PITT,6700,2026-03-04,FSU@PITT,0.0,2,1,exact_name,matched
G,,Jaron Pierre Jr.,"$7,300",3.95%,24.46%,20.50%,34.73,47.5,42168573,Jaron Pierre Jr.,Jaron Pierre Jr. (42168573),SMU,7300,2026-03-04,MIA@SMU,0.0,4,1,exact_name,matched
G,,Tounde Yessoufou,"$8,000",4.45%,0%,0%,25.25,44.0,42168537,Tounde Yessoufou,Tounde Yessoufou (42168537),BAY,8000,2026-03-04,BAY@UH,0.0,3,1,exact_name,matched
G,,Ebuka Okorie,"$9,300",8.95%,14.17%,5.20%,40.69,43.25,42168499,Ebuka Okorie,Ebuka Okorie (42168499),STAN,9300,2026-03-04,STAN@ND,0.0,2,1,exact_name,matched
G,,Zoom Diallo,"$7,900",3%,0%,0%,27.37,43.25,42168543,Zoom Diallo,Zoom Diallo (42168543),UW,7900,2026-03-04,USC@UW,0.0,2,1,exact_name,matched
G,,Tre Donaldson,"$8,200",7.25%,6.17%,-1.10%,35.45,40.75,42168526,Tre Donaldson,Tre Donaldson (42168526),MIA,8200,2026-03-04,MIA@SMU,0.0,2,1,exact_name,matched
G,,Kingston Flemings,"$8,700",7.15%,0%,0%,33.09,40.75,42168509,Kingston Flemings,Kingston Flemings (42168509),UH,8700,2026-03-04,BAY@UH,0.0,5,1,exact_name,matched
F,,Malik Reneau,"$7,900",5.40%,36.57%,31.20%,32.58,40.75,42168541,Malik Reneau,Malik Reneau (42168541),MIA,7900,2026-03-04,MIA@SMU,0.0,2,1,exact_name,matched
F,,Ezra Ausar,"$6,800",5%,7.20%,2.20%,28.01,39.75,42168593,Ezra Ausar,Ezra Ausar (42168593),USC,6800,2026-03-04,USC@UW,0.0,3,1,exact_name,matched
G/F,,Dailyn Swain,"$9,500",7.36%,0%,0%,38.95,39.25,42168494,Dailyn Swain,Dailyn Swain (42168494),TEX,9500,2026-03-04,TEX@ARK,0.0,4,1,exact_name,matched
F,,Tucker DeVries,"$8,000",3.75%,0%,0%,28.89,38.75,42168535,Tucker DeVries,Tucker DeVries (42168535),IU,8000,2026-03-04,MINN@IU,0.0,3,1,exact_name,matched
F,,Duke Brennan,"$8,500",2%,0%,0%,31.14,38.0,42168513,Duke Brennan,Duke Brennan (42168513),VU,8500,2026-03-04,VU@DPU,0.0,3,1,exact_name,matched
F,,Sam Alexis,"$5,700",6.40%,2.51%,-3.90%,23.82,37.75,42168638,Sam Alexis,Sam Alexis (42168638),IU,5700,2026-03-04,MINN@IU,0.0,3,1,exact_name,matched
G,,C.J. Cox,"$4,400",1.80%,0%,0%,17.31,37.75,42168723,C.J. Cox,C.J. Cox (42168723),PUR,4400,2026-03-04,PUR@NW,0.0,5,1,exact_name,matched
G,,Adrien Stevens,"$5,200",8.05%,0%,0%,22.45,36.5,42168668,Adrien Stevens,Adrien Stevens (42168668),MARQ,5200,2026-03-04,MARQ@PROV,0.0,2,1,exact_name,matched
G,,Tyler Perkins,"$7,500",0.75%,0%,0%,26.11,36.5,42168563,Tyler Perkins,Tyler Perkins (42168563),VU,7500,2026-03-04,VU@DPU,0.0,3,1,exact_name,matched
G,,Nigel James Jr.,"$10,000",5.05%,3.89%,-1.20%,37.78,36.25,42168488,Nigel James Jr.,Nigel James Jr. (42168488),MARQ,10000,2026-03-04,MARQ@PROV,0.0,2,1,exact_name,matched
G/F,,Billy Richmond III,"$8,100",12.32%,6.17%,-6.10%,35.67,35.25,42168532,Billy Richmond III,Billy Richmond III (42168532),ARK,8100,2026-03-04,TEX@ARK,0.0,4,1,exact_name,matched
G,,Damarco Minor,"$5,300",4.20%,20.80%,16.60%,24.89,34.75,42168658,Damarco Minor,Damarco Minor (42168658),PITT,5300,2026-03-04,FSU@PITT,0.0,2,1,exact_name,matched
F,,Matas Vokietaitis,"$7,500",5.05%,4.34%,-0.70%,30.5,34.25,42168559,Matas Vokietaitis,Matas Vokietaitis (42168559),TEX,7500,2026-03-04,TEX@ARK,0.0,4,1,exact_name,matched
F,,Nick Martinelli,"$9,400",4%,0%,0%,39.87,34.25,42168497,Nick Martinelli,Nick Martinelli (42168497),NW,9400,2026-03-04,PUR@NW,0.0,1,1,exact_name,matched
G,,Boopie Miller,"$8,400",26.15%,50.86%,24.70%,39.41,34.0,42168520,Boopie Miller,Boopie Miller (42168520),SMU,8400,2026-03-04,MIA@SMU,0.0,4,1,exact_name,matched
G,,Robert McCray V,"$8,300",8.60%,0%,0%,34.46,33.5,42168524,Robert McCray V,Robert McCray V (42168524),FSU,8300,2026-03-04,FSU@PITT,0.0,1,1,exact_name,matched
G,,Ryan Mela,"$5,000",3.65%,19.31%,15.70%,25.47,33.0,42168680,Ryan Mela,Ryan Mela (42168680),PROV,5000,2026-03-04,MARQ@PROV,0.0,1,1,exact_name,matched
G,,Alijah Arenas,"$6,000",2.05%,43.77%,41.70%,24.85,31.25,42168626,Alijah Arenas,Alijah Arenas (42168626),USC,6000,2026-03-04,USC@UW,0.0,3,1,exact_name,matched
F,,Samet Yigitoglu,"$6,000",10.30%,8.91%,-1.40%,25.21,30.25,42168624,Samet Yigitoglu,Samet Yigitoglu (42168624),SMU,6000,2026-03-04,MIA@SMU,0.0,4,1,exact_name,matched
G,,Nojus Indrusaitis,"$4,500",6.45%,11.77%,5.30%,16.31,30.25,42168710,Nojus Indrusaitis,Nojus Indrusaitis (42168710),PITT,4500,2026-03-04,FSU@PITT,0.0,2,1,exact_name,matched
G,,Jeremy Dent-Smith,"$3,700",2.85%,0.11%,-2.70%,11.55,30.0,42168792,Jeremy Dent-Smith,Jeremy Dent-Smith (42168792),STAN,3700,2026-03-04,STAN@ND,0.0,2,1,exact_name,matched
F,,Jacob Cofie,"$6,800",1.45%,1.94%,0.50%,24.8,29.25,42168591,Jacob Cofie,Jacob Cofie (42168591),USC,6800,2026-03-04,USC@UW,0.0,3,1,exact_name,matched
G,,Lajae Jones,"$6,400",4.65%,0%,0%,27.28,28.25,42168610,Lajae Jones,Lajae Jones (42168610),FSU,6400,2026-03-04,FSU@PITT,0.0,1,1,exact_name,matched
F,,Cameron Corhen,"$7,100",9.50%,18.06%,8.60%,31.84,28.0,42168581,Cameron Corhen,Cameron Corhen (42168581),PITT,7100,2026-03-04,FSU@PITT,0.0,2,1,exact_name,matched
F,,Ernest Udeh Jr.,"$7,400",4.80%,1.14%,-3.70%,25.84,28.0,42168565,Ernest Udeh Jr.,Ernest Udeh Jr. (42168565),MIA,7400,2026-03-04,MIA@SMU,0.0,2,1,exact_name,matched
G,,Brandon Maclin,"$7,400",10.25%,0%,0%,26.09,27.75,42168567,Brandon Maclin,Brandon Maclin (42168567),DPU,7400,2026-03-04,VU@DPU,0.0,1,1,exact_name,matched
G,,Jalen Haralson,"$6,700",0.74%,12.23%,11.50%,16.38,27.75,42168595,Jalen Haralson,Jalen Haralson (42168595),ND,6700,2026-03-04,STAN@ND,0.0,1,1,exact_name,matched
G,,Tramon Mark,"$5,900",11.85%,9.03%,-2.80%,21.65,27.5,42168630,Tramon Mark,Tramon Mark (42168630),TEX,5900,2026-03-04,TEX@ARK,0.0,4,1,exact_name,matched
F,,Joseph Tugler,"$5,000",9.05%,7.20%,-1.90%,18.1,27.5,42168678,Joseph Tugler,Joseph Tugler (42168678),UH,5000,2026-03-04,BAY@UH,0.0,5,1,exact_name,matched
G,,Jayden Reid,"$5,600",4.05%,0%,0%,21.42,27.5,42168644,Jayden Reid,Jayden Reid (42168644),NW,5600,2026-03-04,PUR@NW,0.0,1,1,exact_name,matched
G,,Emanuel Sharp,"$6,500",4.20%,7.43%,3.20%,26.88,27.25,42168604,Emanuel Sharp,Emanuel Sharp (42168604),UH,6500,2026-03-04,BAY@UH,0.0,5,1,exact_name,matched
G,,D.J. Wagner,"$4,200",3.65%,0%,0%,14.86,27.0,42168741,D.J. Wagner,D.J. Wagner (42168741),ARK,4200,2026-03-04,TEX@ARK,0.0,4,1,exact_name,matched
F,,Donavin Young,"$3,600",0.20%,0%,0%,10.06,27.0,42168804,Donavin Young,Donavin Young (42168804),STAN,3600,2026-03-04,STAN@ND,0.0,2,1,exact_name,matched
F,,Trey Kaufman-Renn,"$8,800",9.95%,0%,0%,34.11,26.0,42168507,Trey Kaufman-Renn,Trey Kaufman-Renn (42168507),PUR,8800,2026-03-04,PUR@NW,0.0,5,1,exact_name,matched
G,,Devin Askew,"$4,700",2.40%,18.06%,15.70%,17.41,25.75,42168696,Devin Askew,Devin Askew (42168696),VU,4700,2026-03-04,VU@DPU,0.0,3,1,exact_name,matched
F,,Caden Powell,"$4,500",3.25%,0%,0%,15.47,25.5,42168712,Caden Powell,Caden Powell (42168712),BAY,4500,2026-03-04,BAY@UH,0.0,3,1,exact_name,matched
F,,Oscar Cluff,"$5,500",7.45%,0%,0%,18.04,25.25,42168648,Oscar Cluff,Oscar Cluff (42168648),PUR,5500,2026-03-04,PUR@NW,0.0,5,1,exact_name,matched
G,,Milos Uzan,"$6,600",7.30%,0%,0%,27.45,25.25,42168600,Milos Uzan,Milos Uzan (42168600),UH,6600,2026-03-04,BAY@UH,0.0,5,1,exact_name,matched
G,,Nick Boyd,"$8,900",8.15%,7.43%,-0.70%,41.38,25.0,42168505,Nick Boyd,Nick Boyd (42168505),WISC,8900,2026-03-04,UMD@WISC,0.0,3,1,exact_name,matched
G,,Braeden Carrington,"$6,100",3.90%,1.14%,-2.80%,19.56,24.5,42168622,Braeden Carrington,Braeden Carrington (42168622),WISC,6100,2026-03-04,UMD@WISC,0.0,3,1,exact_name,matched
G,,Courtland Muldrew,"$4,100",0.15%,0%,0%,13.58,24.5,42168755,Courtland Muldrew,Courtland Muldrew (42168755),UW,4100,2026-03-04,USC@UW,0.0,2,1,exact_name,matched
G,,Cameron Carr,"$9,100",2.10%,0%,0%,29.81,24.25,42168501,Cameron Carr,Cameron Carr (42168501),BAY,9100,2026-03-04,BAY@UH,0.0,3,1,exact_name,matched
F,,Chauncey Wiggins,"$5,300",1.15%,0%,0%,20.94,24.25,42168660,Chauncey Wiggins,Chauncey Wiggins (42168660),FSU,5300,2026-03-04,FSU@PITT,0.0,1,1,exact_name,matched
G/F,,Cade Tyson,"$8,400",23.04%,0%,0%,36.16,24.0,42168517,Cade Tyson,Cade Tyson (42168517),MINN,8400,2026-03-04,MINN@IU,0.0,2,1,exact_name,matched
G,,John Blackwell,"$8,100",4.55%,0%,0%,31.27,23.75,42168530,John Blackwell,John Blackwell (42168530),WISC,8100,2026-03-04,UMD@WISC,0.0,3,1,exact_name,matched
G,,Cole Certa,"$6,900",3.95%,0%,0%,27.65,23.75,42168587,Cole Certa,Cole Certa (42168587),ND,6900,2026-03-04,STAN@ND,0.0,1,1,exact_name,matched
G,,Tru Washington,"$5,900",5.55%,7.09%,1.50%,25.4,23.5,42168628,Tru Washington,Tru Washington (42168628),MIA,5900,2026-03-04,MIA@SMU,0.0,2,1,exact_name,matched
G,,Braeden Shrewsberry,"$6,200",6.85%,0%,0%,25.81,23.25,42168618,Braeden Shrewsberry,Braeden Shrewsberry (42168618),ND,6200,2026-03-04,STAN@ND,0.0,1,1,exact_name,matched
G,,Wesley Yates III,"$5,400",14.90%,36.34%,21.40%,23.56,23.0,42168656,Wesley Yates III,Wesley Yates III (42168656),UW,5400,2026-03-04,USC@UW,0.0,2,1,exact_name,matched
G,,Jaylin Sellers,"$8,300",3.55%,0%,0%,31.76,23.0,42168522,Jaylin Sellers,Jaylin Sellers (42168522),PROV,8300,2026-03-04,MARQ@PROV,0.0,1,1,exact_name,matched
G,,Acaden Lewis,"$7,200",2.10%,0%,0%,30.89,23.0,42168577,Acaden Lewis,Acaden Lewis (42168577),VU,7200,2026-03-04,VU@DPU,0.0,3,1,exact_name,matched
G,,Braden Smith,"$9,800",8.65%,0%,0%,37.33,22.25,42168492,Braden Smith,Braden Smith (42168492),PUR,9800,2026-03-04,PUR@NW,0.0,5,1,exact_name,matched
G,,Conor Enright,"$4,600",4.20%,0%,0%,15.92,22.25,42168704,Conor Enright,Conor Enright (42168704),IU,4600,2026-03-04,MINN@IU,0.0,3,1,exact_name,matched
F,,AJ Rohosy,"$4,400",4.15%,4.91%,0.80%,19.65,22.25,42168719,AJ Rohosy,AJ Rohosy (42168719),STAN,4400,2026-03-04,STAN@ND,0.0,2,1,exact_name,matched
G,,Lamar Wilkerson,"$9,000",3.70%,0%,0%,37.57,22.0,42168503,Lamar Wilkerson,Lamar Wilkerson (42168503),IU,9000,2026-03-04,MINN@IU,0.0,3,1,exact_name,matched
F,,Thomas Bassong,"$4,800",1.35%,2.06%,0.70%,17.13,22.0,42168690,Thomas Bassong,Thomas Bassong (42168690),FSU,4800,2026-03-04,FSU@PITT,0.0,1,1,exact_name,matched
F,,Nic Codie,"$3,800",0.35%,0%,0%,9.37,21.75,42168777,Nic Codie,Nic Codie (42168777),TEX,3800,2026-03-04,TEX@ARK,0.0,4,1,exact_name,matched
G,,Meleek Thomas,"$7,000",4.65%,0%,0%,29.62,21.5,42168583,Meleek Thomas,Meleek Thomas (42168583),ARK,7000,2026-03-04,TEX@ARK,0.0,4,1,exact_name,matched
G,,Andrew Rohde,"$4,800",1.30%,0.34%,-1%,17.16,21.5,42168688,Andrew Rohde,Andrew Rohde (42168688),WISC,4800,2026-03-04,UMD@WISC,0.0,3,1,exact_name,matched
F,,Bobby Durkin,"$7,300",2.10%,0%,0%,24.51,21.0,42168571,Bobby Durkin,Bobby Durkin (42168571),MINN,7300,2026-03-04,MINN@IU,0.0,2,1,exact_name,matched
F,,Elijah Saunders,"$6,300",3.95%,0%,0%,20.09,20.5,42168614,Elijah Saunders,Elijah Saunders (42168614),UMD,6300,2026-03-04,UMD@WISC,0.0,4,1,exact_name,matched
F,,NJ Benson,"$7,600",30.30%,0%,0%,34.83,20.25,42168555,NJ Benson,NJ Benson (42168555),DPU,7600,2026-03-04,VU@DPU,0.0,1,1,exact_name,matched
G,,Bryce Lindsay,"$4,400",3.75%,5.71%,2%,17.49,20.25,42168725,Bryce Lindsay,Bryce Lindsay (42168725),VU,4400,2026-03-04,VU@DPU,0.0,3,1,exact_name,matched
G,,Isaac Asuma,"$6,400",3.80%,0%,0%,27.86,20.0,42168608,Isaac Asuma,Isaac Asuma (42168608),MINN,6400,2026-03-04,MINN@IU,0.0,2,1,exact_name,matched
F,,Royce Parham,"$7,700",1.40%,0%,0%,32.9,20.0,42168551,Royce Parham,Royce Parham (42168551),MARQ,7700,2026-03-04,MARQ@PROV,0.0,2,1,exact_name,matched
G,,Isaac Williams IV,"$5,600",7.45%,0%,0%,24.44,19.75,42168642,Isaac Williams IV,Isaac Williams IV (42168642),BAY,5600,2026-03-04,BAY@UH,0.0,3,1,exact_name,matched
G,,Malachi Palmer,"$3,600",0.55%,0%,0%,10.48,19.75,42168798,Malachi Palmer,Malachi Palmer (42168798),VU,3600,2026-03-04,VU@DPU,0.0,3,1,exact_name,matched
G,,Andre Mills,"$7,700",7.10%,0%,0%,29.94,19.25,42168553,Andre Mills,Andre Mills (42168553),UMD,7700,2026-03-04,UMD@WISC,0.0,4,1,exact_name,matched
G,,Jordan Clayton,"$3,300",0.74%,0%,0%,9.61,19.25,42168842,Jordan Clayton,Jordan Clayton (42168842),NW,3300,2026-03-04,PUR@NW,0.0,1,1,exact_name,matched
F,,Brady Koehler,"$4,200",4.20%,1.49%,-2.70%,15.69,18.5,42168747,Brady Koehler,Brady Koehler (42168747),ND,4200,2026-03-04,STAN@ND,0.0,1,1,exact_name,matched
F,,Nolan Winter,"$7,800",5.75%,0%,0%,30.53,18.0,42168545,Nolan Winter,Nolan Winter (42168545),WISC,7800,2026-03-04,UMD@WISC,0.0,3,1,exact_name,matched
F,,Jermaine O'Neal Jr.,"$3,700",1%,5.71%,4.70%,9.89,18.0,42168790,Jermaine O'Neal Jr.,Jermaine O'Neal Jr. (42168790),SMU,3700,2026-03-04,MIA@SMU,0.0,4,1,exact_name,matched
F,,Jaden Toombs,"$4,300",5.35%,16%,10.70%,20.12,17.75,42168731,Jaden Toombs,Jaden Toombs (42168731),SMU,4300,2026-03-04,MIA@SMU,0.0,4,1,exact_name,matched
G,,Fletcher Loyer,"$5,700",4.20%,2.97%,-1.20%,23.46,17.5,42168636,Fletcher Loyer,Fletcher Loyer (42168636),PUR,5700,2026-03-04,PUR@NW,0.0,5,1,exact_name,matched
G,,Chase Ross,"$7,800",3.55%,0%,0%,24.35,17.5,42168547,Chase Ross,Chase Ross (42168547),MARQ,7800,2026-03-04,MARQ@PROV,0.0,2,1,exact_name,matched
F,,Collin Metcalf,"$4,200",1.05%,0%,0%,13.22,17.5,42168737,Collin Metcalf,Collin Metcalf (42168737),UMD,4200,2026-03-04,UMD@WISC,0.0,4,1,exact_name,matched
G,,CJ Gunn,"$5,600",7.50%,0%,0%,24.84,17.25,42168640,CJ Gunn,CJ Gunn (42168640),DPU,5600,2026-03-04,VU@DPU,0.0,1,1,exact_name,matched
G,,Noam Dovrat,"$3,300",0%,0%,0%,0.0,17.25,42168838,Noam Dovrat,Noam Dovrat (42168838),MIA,3300,2026-03-04,MIA@SMU,0.0,2,1,exact_name,matched
G,,Chendall Weaver,"$4,100",0.80%,0%,0%,13.94,17.0,42168753,Chendall Weaver,Chendall Weaver (42168753),TEX,4100,2026-03-04,TEX@ARK,0.0,4,1,exact_name,matched
F,,Garrett Sundra,"$3,300",0.50%,0%,0%,8.45,17.0,42168850,Garrett Sundra,Garrett Sundra (42168850),ND,3300,2026-03-04,STAN@ND,0.0,1,1,exact_name,matched
F,,Arrinten Page,"$5,100",9.25%,40%,30.80%,21.45,16.75,42168672,Arrinten Page,Arrinten Page (42168672),NW,5100,2026-03-04,PUR@NW,0.0,1,1,exact_name,matched
G,,Obi Agbim,"$5,200",5.90%,0%,0%,22.2,16.75,42168664,Obi Agbim,Obi Agbim (42168664),BAY,5200,2026-03-04,BAY@UH,0.0,3,1,exact_name,matched
F,,Solomon Washington,"$8,600",3.55%,0%,0%,33.76,16.5,42168511,Solomon Washington,Solomon Washington (42168511),UMD,8600,2026-03-04,UMD@WISC,0.0,4,1,exact_name,matched
G,,Tre Norman,"$3,300",2.65%,0%,0%,5.14,16.5,42168840,Tre Norman,Tre Norman (42168840),MARQ,3300,2026-03-04,MARQ@PROV,0.0,2,1,exact_name,matched
G,,Jordan Marsh,"$3,400",1.65%,0.57%,-1.10%,6.87,16.5,42168830,Jordan Marsh,Jordan Marsh (42168830),USC,3400,2026-03-04,USC@UW,0.0,3,1,exact_name,matched
G,,Nick Dorn,"$4,300",3.15%,0%,0%,11.07,16.25,42168727,Nick Dorn,Nick Dorn (42168727),IU,4300,2026-03-04,MINN@IU,0.0,3,1,exact_name,matched
F,,Alex Steen,"$5,100",0.50%,0.69%,0.20%,16.49,16.25,42168670,Alex Steen,Alex Steen (42168670),FSU,5100,2026-03-04,FSU@PITT,0.0,1,1,exact_name,matched
G,,Martin Somerville,"$5,100",14.90%,0%,0%,21.47,16.0,42168674,Martin Somerville,Martin Somerville (42168674),FSU,5100,2026-03-04,FSU@PITT,0.0,1,1,exact_name,matched
G,,Logan Imes,"$5,000",8.75%,0%,0%,19.55,16.0,42168676,Logan Imes,Logan Imes (42168676),ND,5000,2026-03-04,STAN@ND,0.0,1,1,exact_name,matched
G,,Omari Witherspoon,"$5,400",2.60%,5.37%,2.80%,21.36,15.5,42168652,Omari Witherspoon,Omari Witherspoon (42168652),PITT,5400,2026-03-04,FSU@PITT,0.0,2,1,exact_name,matched
F,,Shelton Henderson,"$7,000",2.95%,0%,0%,28.27,15.25,42168585,Shelton Henderson,Shelton Henderson (42168585),MIA,7000,2026-03-04,MIA@SMU,0.0,2,1,exact_name,matched
F,,Grayson Grove,"$5,800",19.95%,16.46%,-3.50%,23.84,14.5,42168634,Grayson Grove,Grayson Grove (42168634),MINN,5800,2026-03-04,MINN@IU,0.0,2,1,exact_name,matched
F,,Roman Siulepa,"$6,100",13.50%,10.74%,-2.80%,25.39,14.5,42168620,Roman Siulepa,Roman Siulepa (42168620),PITT,6100,2026-03-04,FSU@PITT,0.0,2,1,exact_name,matched
F,,Ben Gold,"$6,200",7.10%,0.91%,-6.20%,20.1,14.0,42168616,Ben Gold,Ben Gold (42168616),MARQ,6200,2026-03-04,MARQ@PROV,0.0,2,1,exact_name,matched
F,,Austin Rapp,"$4,700",2.65%,0%,0%,15.62,13.75,42168698,Austin Rapp,Austin Rapp (42168698),WISC,4700,2026-03-04,UMD@WISC,0.0,3,1,exact_name,matched
G,,Layden Blocker,"$5,500",3.85%,0%,0%,19.33,13.5,42168650,Layden Blocker,Layden Blocker (42168650),DPU,5500,2026-03-04,VU@DPU,0.0,1,1,exact_name,matched
F,,Chris Cenac Jr.,"$6,300",9.15%,5.14%,-4%,24.3,13.25,42168612,Chris Cenac Jr.,Chris Cenac Jr. (42168612),UH,6300,2026-03-04,BAY@UH,0.0,5,1,exact_name,matched
F,,Oswin Erhunmwunse,"$6,600",4.40%,5.37%,1%,24.36,12.5,42168602,Oswin Erhunmwunse,Oswin Erhunmwunse (42168602),PROV,6600,2026-03-04,MARQ@PROV,0.0,1,1,exact_name,matched
G,,Stefan Vaaks,"$7,500",2.60%,0%,0%,20.01,12.25,42168561,Stefan Vaaks,Stefan Vaaks (42168561),PROV,7500,2026-03-04,MARQ@PROV,0.0,1,1,exact_name,matched
F,,Chase McCarty,"$3,800",0.05%,0%,0%,10.47,12.25,42168779,Chase McCarty,Chase McCarty (42168779),UH,3800,2026-03-04,BAY@UH,0.0,5,1,exact_name,matched
G,,Benny Gealer,"$7,100",32.55%,0.69%,-31.90%,30.03,12.0,42168579,Benny Gealer,Benny Gealer (42168579),STAN,7100,2026-03-04,STAN@ND,0.0,2,1,exact_name,matched
G,,Darius Adams,"$4,900",6%,0%,0%,16.03,12.0,42168682,Darius Adams,Darius Adams (42168682),UMD,4900,2026-03-04,UMD@WISC,0.0,4,1,exact_name,matched
F,,Nick Pringle,"$3,300",2.85%,0%,0%,7.29,12.0,42168836,Nick Pringle,Nick Pringle (42168836),ARK,3300,2026-03-04,TEX@ARK,0.0,4,1,exact_name,matched
F,,Jaylen Thompson,"$3,300",0.65%,0%,0%,7.71,12.0,42168846,Jaylen Thompson,Jaylen Thompson (42168846),STAN,3300,2026-03-04,STAN@ND,0.0,2,1,exact_name,matched
G,,Kam Woods,"$6,900",1%,0%,0%,25.76,11.75,42168589,Kam Woods,Kam Woods (42168589),USC,6900,2026-03-04,USC@UW,0.0,3,1,exact_name,matched
F,,Caedin Hamilton,"$3,400",0.45%,0%,0%,4.83,11.75,42168824,Caedin Hamilton,Caedin Hamilton (42168824),MARQ,3400,2026-03-04,MARQ@PROV,0.0,2,1,exact_name,matched
G,,Simeon Wilcher,"$3,700",1.30%,0%,0%,10.71,11.5,42168784,Simeon Wilcher,Simeon Wilcher (42168784),TEX,3700,2026-03-04,TEX@ARK,0.0,4,1,exact_name,matched
F,,Carson Towt,"$5,400",10.10%,0%,0%,23.36,11.25,42168654,Carson Towt,Carson Towt (42168654),ND,5400,2026-03-04,STAN@ND,0.0,1,1,exact_name,matched
F,,Nikola Dzepina,"$3,500",0.91%,9.03%,8.10%,4.33,11.25,42168812,Nikola Dzepina,Nikola Dzepina (42168812),UW,3500,2026-03-04,USC@UW,0.0,2,1,exact_name,matched
F,,Jamier Jones,"$7,200",0.15%,0%,0%,23.47,11.0,42168575,Jamier Jones,Jamier Jones (42168575),PROV,7200,2026-03-04,MARQ@PROV,0.0,1,1,exact_name,matched
F,,Aidan Cammann,"$5,500",21.85%,20.23%,-1.60%,18.43,10.75,42168646,Aidan Cammann,Aidan Cammann (42168646),STAN,5500,2026-03-04,STAN@ND,0.0,2,1,exact_name,matched
F,,Camden Heide,"$4,000",3%,0%,0%,9.66,10.75,42168759,Camden Heide,Camden Heide (42168759),TEX,4000,2026-03-04,TEX@ARK,0.0,4,1,exact_name,matched
F,,Tre Singleton,"$4,900",1.55%,0%,0%,17.32,10.75,42168684,Tre Singleton,Tre Singleton (42168684),NW,4900,2026-03-04,PUR@NW,0.0,1,1,exact_name,matched
G,,Jason Edwards,"$6,500",2.70%,20%,17.30%,23.95,10.5,42168606,Jason Edwards,Jason Edwards (42168606),PROV,6500,2026-03-04,MARQ@PROV,0.0,1,1,exact_name,matched
G,,Kruz McClure,"$3,700",0.79%,0%,0%,11.21,10.5,42168786,Kruz McClure,Kruz McClure (42168786),DPU,3700,2026-03-04,VU@DPU,0.0,1,1,exact_name,matched
F,,Malique Ewin,"$5,200",6.55%,37.71%,31.20%,24.8,10.25,42168666,Malique Ewin,Malique Ewin (42168666),ARK,5200,2026-03-04,TEX@ARK,0.0,4,1,exact_name,matched
G,,Ryan Agarwal,"$3,800",2.20%,0%,0%,17.81,10.25,42168771,Ryan Agarwal,Ryan Agarwal (42168771),STAN,3800,2026-03-04,STAN@ND,0.0,2,1,exact_name,matched
F,,AJ Swinton,"$4,200",0.20%,0%,0%,11.71,10.25,42168739,AJ Swinton,AJ Swinton (42168739),FSU,4200,2026-03-04,FSU@PITT,0.0,1,1,exact_name,matched
G,,Langston Reynolds,"$7,600",2.80%,0%,0%,27.57,10.0,42168557,Langston Reynolds,Langston Reynolds (42168557),MINN,7600,2026-03-04,MINN@IU,0.0,2,1,exact_name,matched
G,,Jerry Easter II,"$3,900",0.25%,0%,0%,6.49,10.0,42168769,Jerry Easter II,Jerry Easter II (42168769),USC,3900,2026-03-04,USC@UW,0.0,3,1,exact_name,matched
G,,Zach Kinziger,"$3,000",0%,0%,0%,0.0,10.0,42169155,Zach Kinziger,Zach Kinziger (42169155),WISC,3000,2026-03-04,UMD@WISC,0.0,3,1,exact_name,matched
F,,Reed Bailey,"$3,700",1.15%,0%,0%,9.32,8.75,42168788,Reed Bailey,Reed Bailey (42168788),IU,3700,2026-03-04,MINN@IU,0.0,3,1,exact_name,matched
F,,Aleksas Bieliauskas,"$4,000",1.95%,0%,0%,11.95,8.5,42168757,Aleksas Bieliauskas,Aleksas Bieliauskas (42168757),WISC,4000,2026-03-04,UMD@WISC,0.0,3,1,exact_name,matched
F,,Damarius Owens,"$4,500",7.60%,0%,0%,10.1,8.25,42168714,Damarius Owens,Damarius Owens (42168714),MARQ,4500,2026-03-04,MARQ@PROV,0.0,2,1,exact_name,matched
F,,Cole Hargrove,"$3,500",0.35%,0%,0%,4.95,8.25,42168814,Cole Hargrove,Cole Hargrove (42168814),PROV,3500,2026-03-04,MARQ@PROV,0.0,1,1,exact_name,matched
G,,Guillermo Del Pino,"$3,500",0.15%,0%,0%,5.06,8.25,42168818,Guillermo Del Pino,Guillermo Del Pino (42168818),UMD,3500,2026-03-04,UMD@WISC,0.0,4,1,exact_name,matched
F,,Duncan Powell,"$4,100",2.15%,1.03%,-1.10%,4.9,7.75,42168749,Duncan Powell,Duncan Powell (42168749),PROV,4100,2026-03-04,MARQ@PROV,0.0,1,1,exact_name,matched
G,,Gicarri Harris,"$3,500",0.75%,0%,0%,13.98,7.75,42168810,Gicarri Harris,Gicarri Harris (42168810),PUR,3500,2026-03-04,PUR@NW,0.0,5,1,exact_name,matched
G,,Isaiah Watts,"$3,200",0.30%,0%,0%,8.17,7.75,42168860,Isaiah Watts,Isaiah Watts (42168860),UMD,3200,2026-03-04,UMD@WISC,0.0,4,1,exact_name,matched
F,,Will Garlock,"$3,100",0%,0%,0%,0.0,7.75,42168871,Will Garlock,Will Garlock (42168871),WISC,3100,2026-03-04,UMD@WISC,0.0,3,1,exact_name,matched
G,,Dan Skillings Jr.,"$4,600",0.90%,0%,0%,13.17,7.25,42168706,Dan Skillings Jr.,Dan Skillings Jr. (42168706),BAY,4600,2026-03-04,BAY@UH,0.0,3,1,exact_name,matched
F,,Fabian Flores,"$3,300",0.55%,0%,0%,7.8,7.25,42168848,Fabian Flores,Fabian Flores (42168848),DPU,3300,2026-03-04,VU@DPU,0.0,1,1,exact_name,matched
F,,Corey Washington,"$5,800",8.80%,0%,0%,26.55,6.75,42168632,Corey Washington,Corey Washington (42168632),SMU,5800,2026-03-04,MIA@SMU,0.0,4,1,exact_name,matched
G,,Jasai Miles,"$3,200",0.60%,0%,0%,5.11,6.5,42168858,Jasai Miles,Jasai Miles (42168858),IU,3200,2026-03-04,MINN@IU,0.0,3,1,exact_name,matched
G,,Angelo Ciaravino,"$4,200",1.15%,0%,0%,18.03,6.25,42168745,Angelo Ciaravino,Angelo Ciaravino (42168745),NW,4200,2026-03-04,PUR@NW,0.0,1,1,exact_name,matched
G,,Cam Miles,"$3,200",0%,0%,0%,0.0,6.25,42168856,Cam Miles,Cam Miles (42168856),FSU,3200,2026-03-04,FSU@PITT,0.0,1,1,exact_name,matched
F,,Tyler Kropp,"$3,600",0.83%,0%,0%,4.07,6.0,42168800,Tyler Kropp,Tyler Kropp (42168800),NW,3600,2026-03-04,PUR@NW,0.0,1,1,exact_name,matched
F,,Jaden Brownell,"$4,100",0.60%,0%,0%,7.0,6.0,42168751,Jaden Brownell,Jaden Brownell (42168751),USC,4100,2026-03-04,USC@UW,0.0,3,1,exact_name,matched
G,,Nilavan Daniels,"$3,500",0%,0%,0%,0.0,6.0,42168820,Nilavan Daniels,Nilavan Daniels (42168820),PROV,3500,2026-03-04,MARQ@PROV,0.0,1,1,exact_name,matched
F,,Lathan Sommerville,"$3,800",2.75%,0%,0%,11.15,5.5,42168775,Lathan Sommerville,Lathan Sommerville (42168775),UW,3800,2026-03-04,USC@UW,0.0,2,1,exact_name,matched
G,,Dante Allen,"$4,700",1.95%,0%,0%,15.22,5.5,42168694,Dante Allen,Dante Allen (42168694),MIA,4700,2026-03-04,MIA@SMU,0.0,2,1,exact_name,matched
G,,RJ Smith,"$4,900",0.90%,0%,0%,14.99,5.5,42168686,RJ Smith,RJ Smith (42168686),DPU,4900,2026-03-04,VU@DPU,0.0,1,1,exact_name,matched
G,,Mercy Miller,"$3,900",0.45%,0%,0%,14.62,5.5,42168767,Mercy Miller,Mercy Miller (42168767),UH,3900,2026-03-04,BAY@UH,0.0,5,1,exact_name,matched
F,,Trent Sisley,"$3,000",0%,0%,0%,0.0,5.5,42169047,Trent Sisley,Trent Sisley (42169047),IU,3000,2026-03-04,MINN@IU,0.0,3,1,exact_name,matched
G,,David Coit,"$4,800",8%,0%,0%,17.8,5.25,42168692,David Coit,David Coit (42168692),UMD,4800,2026-03-04,UMD@WISC,0.0,4,1,exact_name,matched
F,,Michael Phillips II,"$3,000",0.91%,0%,0%,3.71,5.25,42169045,Michael Phillips II,Michael Phillips II (42169045),MARQ,3000,2026-03-04,MARQ@PROV,0.0,2,1,exact_name,matched
G,,Tayton Conerway,"$4,300",8.20%,0%,0%,10.24,4.75,42168729,Tayton Conerway,Tayton Conerway (42168729),IU,4300,2026-03-04,MINN@IU,0.0,3,1,exact_name,matched
G,,Michael Rataj,"$4,000",4.95%,0%,0%,12.3,4.75,42168761,Michael Rataj,Michael Rataj (42168761),BAY,4000,2026-03-04,BAY@UH,0.0,3,1,exact_name,matched
G,,Jack Benter,"$3,800",0.25%,0%,0%,9.72,4.5,42168773,Jack Benter,Jack Benter (42168773),PUR,3800,2026-03-04,PUR@NW,0.0,5,1,exact_name,matched
F,,Jack Robison,"$3,000",0%,0%,0%,0.0,4.25,42169025,Jack Robison,Jack Robison (42169025),WISC,3000,2026-03-04,UMD@WISC,0.0,3,1,exact_name,matched
G,,Chris Jeffrey,"$3,200",0.77%,0%,0%,5.61,4.0,42168854,Chris Jeffrey,Chris Jeffrey (42168854),VU,3200,2026-03-04,VU@DPU,0.0,3,1,exact_name,matched
G,,Justin Mullins,"$3,300",0%,0%,0%,0.0,3.75,42168844,Justin Mullins,Justin Mullins (42168844),NW,3300,2026-03-04,PUR@NW,0.0,1,1,exact_name,matched
G,,BJ Roy,"$3,000",0%,0%,0%,0.0,3.5,42169107,BJ Roy,BJ Roy (42169107),UW,3000,2026-03-04,USC@UW,0.0,2,1,exact_name,matched
G,,Isaac Gard,"$3,000",0%,0%,0%,0.0,3.5,42169151,Isaac Gard,Isaac Gard (42169151),WISC,3000,2026-03-04,UMD@WISC,0.0,3,1,exact_name,matched
F,,Kaleb Banks,"$3,400",2.25%,0%,0%,6.49,3.25,42168822,Kaleb Banks,Kaleb Banks (42168822),DPU,3400,2026-03-04,VU@DPU,0.0,1,1,exact_name,matched
F,,Joshua Clark,"$3,000",0%,0%,0%,0.0,3.25,42169037,Joshua Clark,Joshua Clark (42169037),MARQ,3000,2026-03-04,MARQ@PROV,0.0,2,1,exact_name,matched
G,,B.J. Davis-Ray,"$3,100",0%,0%,0%,0.0,3.0,42168877,B.J. Davis-Ray,B.J. Davis-Ray (42168877),SMU,3100,2026-03-04,MIA@SMU,0.0,4,1,exact_name,matched
F,,Gabe Dynes,"$3,000",0.25%,0%,0%,8.35,2.5,42168883,Gabe Dynes,Gabe Dynes (42168883),USC,3000,2026-03-04,USC@UW,0.0,3,1,exact_name,matched
F,,Theo Pierre-Justin,"$4,400",0.75%,0%,0%,10.92,2.0,42168721,Theo Pierre-Justin,Theo Pierre-Justin (42168721),DPU,4400,2026-03-04,VU@DPU,0.0,1,1,exact_name,matched
G,,Hayden Jones,"$3,000",0.15%,0%,0%,4.32,2.0,42169157,Hayden Jones,Hayden Jones (42169157),WISC,3000,2026-03-04,UMD@WISC,0.0,3,1,exact_name,matched
G/F,,George Turkson Jr.,"$3,000",0%,0%,0%,0.0,2.0,42168891,George Turkson Jr.,George Turkson Jr. (42168891),UMD,3000,2026-03-04,UMD@WISC,0.0,4,1,exact_name,matched
G,,Sir Mohammed,"$4,200",8.45%,0%,0%,17.33,1.5,42168743,Sir Mohammed,Sir Mohammed (42168743),ND,4200,2026-03-04,STAN@ND,0.0,1,1,exact_name,matched
G,,Macari Moore,"$3,100",0%,0%,0%,0.0,1.5,42168875,Macari Moore,Macari Moore (42168875),PITT,3100,2026-03-04,FSU@PITT,0.0,2,1,exact_name,matched
F,,Daniel Jacobsen,"$3,500",2.20%,0%,0%,11.77,1.25,42168816,Daniel Jacobsen,Daniel Jacobsen (42168816),PUR,3500,2026-03-04,PUR@NW,0.0,5,1,exact_name,matched
G,,Kobe MaGee,"$3,600",1.45%,0%,0%,7.64,1.25,42168806,Kobe MaGee,Kobe MaGee (42168806),FSU,3600,2026-03-04,FSU@PITT,0.0,1,1,exact_name,matched
F,,Ryder Frost,"$3,400",0.40%,0%,0%,5.3,1.25,42168834,Ryder Frost,Ryder Frost (42168834),ND,3400,2026-03-04,STAN@ND,0.0,1,1,exact_name,matched
G/F,,Isaiah Sealy,"$3,200",0%,0%,0%,0.0,1.25,42168864,Isaiah Sealy,Isaiah Sealy (42168864),ARK,3200,2026-03-04,TEX@ARK,0.0,4,1,exact_name,matched
G,,K.J. Windham,"$3,000",0%,0%,0%,0.0,1.25,42168885,K.J. Windham,K.J. Windham (42168885),NW,3000,2026-03-04,PUR@NW,0.0,1,1,exact_name,matched
F,,Aleks Alston,"$3,000",0%,0%,0%,0.0,1.25,42169043,Aleks Alston,Aleks Alston (42169043),UMD,3000,2026-03-04,UMD@WISC,0.0,4,1,exact_name,matched
F,,Riccardo Greppi,"$3,000",0%,0%,0%,0.0,1.25,42169019,Riccardo Greppi,Riccardo Greppi (42169019),WISC,3000,2026-03-04,UMD@WISC,0.0,3,1,exact_name,matched
F,,Braden Pierce,"$3,100",0.91%,0%,0%,7.08,1.0,42168873,Braden Pierce,Braden Pierce (42168873),VU,3100,2026-03-04,VU@DPU,0.0,3,1,exact_name,matched
F,,Kalifa Sakho,"$3,900",0.55%,0%,0%,10.32,0.75,42168765,Kalifa Sakho,Kalifa Sakho (42168765),UH,3900,2026-03-04,BAY@UH,0.0,5,1,exact_name,matched
F,,Franck Kepnang,"$4,600",7.50%,0%,0%,4.42,0.0,42168700,Franck Kepnang,Franck Kepnang (42168700),UW,4600,2026-03-04,USC@UW,0.0,2,1,exact_name,matched
G,,Jordan Pope,"$5,300",6.90%,0%,0%,25.48,0.0,42168662,Jordan Pope,Jordan Pope (42168662),TEX,5300,2026-03-04,TEX@ARK,0.0,4,1,exact_name,matched
G,,Quimari Peterson,"$4,600",6.55%,5.94%,-0.60%,22.03,0.0,42168702,Quimari Peterson,Quimari Peterson (42168702),UW,4600,2026-03-04,USC@UW,0.0,2,1,exact_name,matched
G,,Jake West,"$4,300",2.15%,0%,0%,15.56,0.0,42168733,Jake West,Jake West (42168733),NW,4300,2026-03-04,PUR@NW,0.0,1,1,exact_name,matched
F,,Bryson Tucker,"$3,600",1.40%,0%,0%,6.21,0.0,42168796,Bryson Tucker,Bryson Tucker (42168796),UW,3600,2026-03-04,USC@UW,0.0,2,1,exact_name,matched
F,,Sam Walters,"$3,000",0.91%,0%,0%,3.21,0.0,42169035,Sam Walters,Sam Walters (42169035),SMU,3000,2026-03-04,MIA@SMU,0.0,4,1,exact_name,matched
F,,Shah Muhammad,"$3,000",0.91%,0%,0%,6.19,0.0,42169023,Shah Muhammad,Shah Muhammad (42169023),FSU,3000,2026-03-04,FSU@PITT,0.0,1,1,exact_name,matched
G,,Isiah Harwell,"$3,200",0.70%,0%,0%,7.84,0.0,42168862,Isiah Harwell,Isiah Harwell (42168862),UH,3200,2026-03-04,BAY@UH,0.0,5,1,exact_name,matched
G,,Omer Mayer,"$3,400",0.55%,0%,0%,10.5,0.0,42168826,Omer Mayer,Omer Mayer (42168826),PUR,3400,2026-03-04,PUR@NW,0.0,5,1,exact_name,matched
F,,Terrance Williams II,"$3,900",0.30%,0%,0%,8.87,0.0,42168763,Terrance Williams II,Terrance Williams II (42168763),USC,3900,2026-03-04,USC@UW,0.0,3,1,exact_name,matched
F,,Oskar Giltay,"$3,600",0.30%,0%,0%,9.67,0.0,42168802,Oskar Giltay,Oskar Giltay (42168802),STAN,3600,2026-03-04,STAN@ND,0.0,2,1,exact_name,matched
F,,James Nnaji,"$3,200",0.15%,0%,0%,4.92,0.0,42168869,James Nnaji,James Nnaji (42168869),BAY,3200,2026-03-04,BAY@UH,0.0,3,1,exact_name,matched
G,,Ramon Walker Jr.,"$3,000",0.10%,0%,0%,3.44,0.0,42168916,Ramon Walker Jr.,Ramon Walker Jr. (42168916),UH,3000,2026-03-04,BAY@UH,0.0,5,1,exact_name,matched
G,,James Goodis,"$3,000",0%,0%,0%,0.0,0.0,42169065,James Goodis,James Goodis (42169065),BAY,3000,2026-03-04,BAY@UH,0.0,3,1,exact_name,matched
G/F,,Rich Barron,"$3,000",0%,0%,0%,0.0,0.0,42168899,Rich Barron,Rich Barron (42168899),PROV,3000,2026-03-04,MARQ@PROV,0.0,1,1,exact_name,matched
F,,Treyvon Maddox,"$3,000",0%,0%,0%,0.0,0.0,42169170,Treyvon Maddox,Treyvon Maddox (42169170),MIA,3000,2026-03-04,MIA@SMU,0.0,2,1,exact_name,matched
F,,Chance Puryear,"$3,000",0%,0%,0%,0.0,0.0,42169013,Chance Puryear,Chance Puryear (42169013),SMU,3000,2026-03-04,MIA@SMU,0.0,4,1,exact_name,matched
F,,Henry Lau,"$3,000",0%,0%,0%,0.0,0.0,42168956,Henry Lau,Henry Lau (42168956),PITT,3000,2026-03-04,FSU@PITT,0.0,2,1,exact_name,matched
G,,Brandon Taylor,"$3,000",0%,0%,0%,0.0,0.0,42169113,Brandon Taylor,Brandon Taylor (42169113),TEX,3000,2026-03-04,TEX@ARK,0.0,4,1,exact_name,matched
F,,Papa Amadou Kante,"$3,000",0%,0%,0%,0.0,0.0,42168938,Papa Amadou Kante,Papa Amadou Kante (42168938),PITT,3000,2026-03-04,FSU@PITT,0.0,2,1,exact_name,matched
F,,Kristers Skrinda,"$3,000",0%,0%,0%,0.0,0.0,42168958,Kristers Skrinda,Kristers Skrinda (42168958),STAN,3000,2026-03-04,STAN@ND,0.0,2,1,exact_name,matched
G,,Lukas Sotell,"$3,000",0%,0%,0%,0.0,0.0,42169085,Lukas Sotell,Lukas Sotell (42169085),UMD,3000,2026-03-04,UMD@WISC,0.0,4,1,exact_name,matched
G,,Trey Utter,"$3,000",0%,0%,0%,0.0,0.0,42169093,Trey Utter,Trey Utter (42169093),SMU,3000,2026-03-04,MIA@SMU,0.0,4,1,exact_name,matched
F,,Matt Hodge,"$3,000",0%,0%,0%,0.0,0.0,42168881,Matt Hodge,Matt Hodge (42168881),VU,3000,2026-03-04,VU@DPU,0.0,3,1,exact_name,matched
G,,Chansey Willis Jr,"$3,000",0%,0%,0%,0.0,0.0,42169071,Chansey Willis Jr,Chansey Willis Jr (42169071),MINN,3000,2026-03-04,MINN@IU,0.0,2,1,exact_name,matched
F,,Mady Traore,"$3,000",0%,0%,0%,0.0,0.0,42169061,Mady Traore,Mady Traore (42169061),UW,3000,2026-03-04,USC@UW,0.0,2,1,exact_name,matched
G/F,,Karter Knox,"$4,400",0%,0%,0%,0.0,0.0,42168716,Karter Knox,Karter Knox (42168716),ARK,4400,2026-03-04,TEX@ARK,0.0,4,1,exact_name,matched
F,,Jacob McFarland,"$3,000",0%,0%,0%,0.0,0.0,42168960,Jacob McFarland,Jacob McFarland (42168960),UH,3000,2026-03-04,BAY@UH,0.0,5,1,exact_name,matched
G,,Nick Blake,"$3,000",0%,0%,0%,0.0,0.0,42169077,Nick Blake,Nick Blake (42169077),UMD,3000,2026-03-04,UMD@WISC,0.0,4,1,exact_name,matched
G,,Corey Floyd Jr.,"$4,200",0%,0%,0%,0.0,0.0,42168735,Corey Floyd Jr.,Corey Floyd Jr. (42168735),PROV,4200,2026-03-04,MARQ@PROV,0.0,1,1,exact_name,matched
G,,Jace Rayl,"$3,000",0%,0%,0%,0.0,0.0,42169131,Jace Rayl,Jace Rayl (42169131),PUR,3000,2026-03-04,PUR@NW,0.0,5,1,exact_name,matched
F,,Braeden Brenn,"$3,000",0%,0%,0%,0.0,0.0,42168999,Braeden Brenn,Braeden Brenn (42168999),MARQ,3000,2026-03-04,MARQ@PROV,0.0,2,1,exact_name,matched
G,,Daquan Davis,"$3,000",0%,0%,0%,0.0,0.0,42168897,Daquan Davis,Daquan Davis (42168897),PROV,3000,2026-03-04,MARQ@PROV,0.0,1,1,exact_name,matched
G,,Blake Smith,"$3,000",0%,0%,0%,0.0,0.0,42169051,Blake Smith,Blake Smith (42169051),NW,3000,2026-03-04,PUR@NW,0.0,1,1,exact_name,matched
G,,Niccolo Kalischer-Stork,"$3,000",0%,0%,0%,0.0,0.0,42169095,Niccolo Kalischer-Stork,Niccolo Kalischer-Stork (42169095),SMU,3000,2026-03-04,MIA@SMU,0.0,4,1,exact_name,matched
G,,Rodney Rice,"$3,000",0%,0%,0%,0.0,0.0,42168950,Rodney Rice,Rodney Rice (42168950),USC,3000,2026-03-04,USC@UW,0.0,3,1,exact_name,matched
F,,John Clark,"$3,000",0%,0%,0%,0.0,0.0,42168980,John Clark,John Clark (42168980),TEX,3000,2026-03-04,TEX@ARK,0.0,4,1,exact_name,matched
F,,BJ Omot,"$3,000",0%,0%,0%,0.0,0.0,42169079,BJ Omot,BJ Omot (42169079),MINN,3000,2026-03-04,MINN@IU,0.0,2,1,exact_name,matched
G,,Ayden Kelley,"$3,000",0%,0%,0%,0.0,0.0,42169127,Ayden Kelley,Ayden Kelley (42169127),ARK,3000,2026-03-04,TEX@ARK,0.0,4,1,exact_name,matched
G,,Anthony Batson Jr.,"$3,000",0%,0%,0%,0.0,0.0,42168966,Anthony Batson Jr.,Anthony Batson Jr. (42168966),STAN,3000,2026-03-04,STAN@ND,0.0,2,1,exact_name,matched
F,,Liam Murphy,"$3,000",0%,0%,0%,0.0,0.0,42169015,Liam Murphy,Liam Murphy (42169015),PUR,3000,2026-03-04,PUR@NW,0.0,5,1,exact_name,matched
G,,Brady Stevens,"$3,000",0%,0%,0%,0.0,0.0,42169135,Brady Stevens,Brady Stevens (42169135),ND,3000,2026-03-04,STAN@ND,0.0,1,1,exact_name,matched
G,,JJ White,"$4,600",0%,0%,0%,0.0,0.0,42168708,JJ White,JJ White (42168708),BAY,4600,2026-03-04,BAY@UH,0.0,3,1,exact_name,matched
G,,Sean Jones,"$3,000",0%,0%,0%,0.0,0.0,42168942,Sean Jones,Sean Jones (42168942),MARQ,3000,2026-03-04,MARQ@PROV,0.0,2,1,exact_name,matched
G,,Nash Walker,"$3,000",0%,0%,0%,0.0,0.0,42168944,Nash Walker,Nash Walker (42168944),MARQ,3000,2026-03-04,MARQ@PROV,0.0,2,1,exact_name,matched
G,,Jalen Crawford,"$3,000",0%,0%,0%,0.0,0.0,42169089,Jalen Crawford,Jalen Crawford (42169089),FSU,3000,2026-03-04,FSU@PITT,0.0,1,1,exact_name,matched
G,,Xavier Osceola,"$3,000",0%,0%,0%,0.0,0.0,42169139,Xavier Osceola,Xavier Osceola (42169139),FSU,3000,2026-03-04,FSU@PITT,0.0,1,1,exact_name,matched
F,,Sheek Pearson,"$3,000",0%,0%,0%,0.0,0.0,42168946,Sheek Pearson,Sheek Pearson (42168946),MARQ,3000,2026-03-04,MARQ@PROV,0.0,2,1,exact_name,matched
F,,Lassina Traore,"$3,600",0%,0%,0%,0.0,0.0,42168808,Lassina Traore,Lassina Traore (42168808),TEX,3600,2026-03-04,TEX@ARK,0.0,4,1,exact_name,matched
F,,Mayo Soyoye,"$3,000",0%,0%,0%,0.0,0.0,42168989,Mayo Soyoye,Mayo Soyoye (42168989),BAY,3000,2026-03-04,BAY@UH,0.0,3,1,exact_name,matched
F,,Paulo Semedo,"$3,000",0%,0%,0%,0.0,0.0,42168974,Paulo Semedo,Paulo Semedo (42168974),ARK,3000,2026-03-04,TEX@ARK,0.0,4,1,exact_name,matched
F,,Juslin Bodo Bodo,"$3,000",0%,0%,0%,0.0,0.0,42168987,Juslin Bodo Bodo,Juslin Bodo Bodo (42168987),BAY,3000,2026-03-04,BAY@UH,0.0,3,1,exact_name,matched
F,,Christian Nitu,"$3,000",0%,0%,0%,0.0,0.0,42168920,Christian Nitu,Christian Nitu (42168920),UW,3000,2026-03-04,USC@UW,0.0,2,1,exact_name,matched
G,,Patrick O'Brien,"$3,000",0%,0%,0%,0.0,0.0,42169057,Patrick O'Brien,Patrick O'Brien (42169057),USC,3000,2026-03-04,USC@UW,0.0,3,1,exact_name,matched
F,,Isaiah Medina,"$3,000",0%,0%,0%,0.0,0.0,42168926,Isaiah Medina,Isaiah Medina (42168926),DPU,3000,2026-03-04,VU@DPU,0.0,1,1,exact_name,matched
F,,Chisom Okpara,"$3,000",0%,0%,0%,0.0,0.0,42168954,Chisom Okpara,Chisom Okpara (42168954),STAN,3000,2026-03-04,STAN@ND,0.0,2,1,exact_name,matched
G/F,,Andre Iguodala II,"$3,000",0%,0%,0%,0.0,0.0,42168984,Andre Iguodala II,Andre Iguodala II (42168984),BAY,3000,2026-03-04,BAY@UH,0.0,3,1,exact_name,matched
G,,Aaron Fine,"$3,000",0%,0%,0%,0.0,0.0,42169147,Aaron Fine,Aaron Fine (42169147),PUR,3000,2026-03-04,PUR@NW,0.0,5,1,exact_name,matched
F,,Declan Duru Jr.,"$3,000",0%,0%,0%,0.0,0.0,42169017,Declan Duru Jr.,Declan Duru Jr. (42169017),TEX,3000,2026-03-04,TEX@ARK,0.0,4,1,exact_name,matched
G,,Jonah Lucas,"$3,000",0%,0%,0%,0.0,0.0,42169099,Jonah Lucas,Jonah Lucas (42169099),MARQ,3000,2026-03-04,MARQ@PROV,0.0,2,1,exact_name,matched
G,,Markus Burton,"$8,500",0%,0%,0%,0.0,0.0,42168515,Markus Burton,Markus Burton (42168515),ND,8500,2026-03-04,STAN@ND,0.0,1,1,exact_name,matched
F,,Andrej Acimovic,"$3,000",0%,0%,0%,0.0,0.0,42168962,Andrej Acimovic,Andrej Acimovic (42168962),IU,3000,2026-03-04,MINN@IU,0.0,3,1,exact_name,matched
F,,Cedric Lath,"$3,000",0%,0%,0%,0.0,0.0,42169033,Cedric Lath,Cedric Lath (42169033),UH,3000,2026-03-04,BAY@UH,0.0,5,1,exact_name,matched
F,,Raleigh Burgess,"$3,000",0%,0%,0%,0.0,0.0,42168976,Raleigh Burgess,Raleigh Burgess (42168976),PUR,3000,2026-03-04,PUR@NW,0.0,5,1,exact_name,matched
G,,Myles Rice,"$3,700",0%,0%,0%,0.0,0.0,42168794,Myles Rice,Myles Rice (42168794),UMD,3700,2026-03-04,UMD@WISC,0.0,4,1,exact_name,matched
F,,Tommy Ahneman,"$3,000",0%,0%,0%,0.0,0.0,42168914,Tommy Ahneman,Tommy Ahneman (42168914),ND,3000,2026-03-04,STAN@ND,0.0,1,1,exact_name,matched
F,,Benjamin Mayhew,"$3,000",0%,0%,0%,0.0,0.0,42169003,Benjamin Mayhew,Benjamin Mayhew (42169003),PITT,3000,2026-03-04,FSU@PITT,0.0,2,1,exact_name,matched
G,,Drew Snively,"$3,000",0%,0%,0%,0.0,0.0,42169125,Drew Snively,Drew Snively (42169125),IU,3000,2026-03-04,MINN@IU,0.0,3,1,exact_name,matched
F,,Cameron Grant,"$3,000",0%,0%,0%,0.0,0.0,42169029,Cameron Grant,Cameron Grant (42169029),STAN,3000,2026-03-04,STAN@ND,0.0,2,1,exact_name,matched
F,,Luke Devine,"$3,000",0%,0%,0%,0.0,0.0,42168982,Luke Devine,Luke Devine (42168982),ND,3000,2026-03-04,STAN@ND,0.0,1,1,exact_name,matched
G,,Will Kuykendall,"$3,000",0%,0%,0%,0.0,0.0,42169145,Will Kuykendall,Will Kuykendall (42169145),BAY,3000,2026-03-04,BAY@UH,0.0,3,1,exact_name,matched
F,,Jeremy Lorenz,"$3,000",0%,0%,0%,0.0,0.0,42168922,Jeremy Lorenz,Jeremy Lorenz (42168922),DPU,3000,2026-03-04,VU@DPU,0.0,1,1,exact_name,matched
G,,Jasen Lopez,"$3,000",0%,0%,0%,0.0,0.0,42168889,Jasen Lopez,Jasen Lopez (42168889),FSU,3000,2026-03-04,FSU@PITT,0.0,1,1,exact_name,matched
G,,Ethan Kitch,"$3,000",0%,0%,0%,0.0,0.0,42169075,Ethan Kitch,Ethan Kitch (42169075),STAN,3000,2026-03-04,STAN@ND,0.0,2,1,exact_name,matched
G,,Maximo Garcia-Plata,"$3,000",0%,0%,0%,0.0,0.0,42169103,Maximo Garcia-Plata,Maximo Garcia-Plata (42169103),FSU,3000,2026-03-04,FSU@PITT,0.0,1,1,exact_name,matched
F,,Elmir Dzafic,"$3,000",0%,0%,0%,0.0,0.0,42169009,Elmir Dzafic,Elmir Dzafic (42169009),ARK,3000,2026-03-04,TEX@ARK,0.0,4,1,exact_name,matched
G,,Antione West Jr.,"$3,000",0%,0%,0%,0.0,0.0,42169087,Antione West Jr.,Antione West Jr. (42169087),PUR,3000,2026-03-04,PUR@NW,0.0,5,1,exact_name,matched
G,,Maximus Gizzi,"$3,000",0%,0%,0%,0.0,0.0,42169101,Maximus Gizzi,Maximus Gizzi (42169101),MINN,3000,2026-03-04,MINN@IU,0.0,2,1,exact_name,matched
F,,Maikcol Perez,"$3,000",0%,0%,0%,0.0,0.0,42168991,Maikcol Perez,Maikcol Perez (42168991),BAY,3000,2026-03-04,BAY@UH,0.0,3,1,exact_name,matched
G,,Brandin Cummings,"$3,000",0%,0%,0%,0.0,0.0,42168936,Brandin Cummings,Brandin Cummings (42168936),PITT,3000,2026-03-04,FSU@PITT,0.0,2,1,exact_name,matched
G,,Jonah Goorin,"$3,000",0%,0%,0%,0.0,0.0,42169059,Jonah Goorin,Jonah Goorin (42169059),USC,3000,2026-03-04,USC@UW,0.0,3,1,exact_name,matched
G,,Mark Zachery IV,"$3,000",0%,0%,0%,0.0,0.0,42169055,Mark Zachery IV,Mark Zachery IV (42169055),ND,3000,2026-03-04,STAN@ND,0.0,1,1,exact_name,matched
F,,Robert Vaihola,"$3,000",0%,0%,0%,0.0,0.0,42169069,Robert Vaihola,Robert Vaihola (42169069),MINN,3000,2026-03-04,MINN@IU,0.0,2,1,exact_name,matched
F,,Jasir Rencher,"$3,000",0%,0%,0%,0.0,0.0,42168906,Jasir Rencher,Jasir Rencher (42168906),UW,3000,2026-03-04,USC@UW,0.0,2,1,exact_name,matched
G,,Myles Jones,"$3,000",0%,0%,0%,0.0,0.0,42169067,Myles Jones,Myles Jones (42169067),STAN,3000,2026-03-04,STAN@ND,0.0,2,1,exact_name,matched
F,,Peteris Pinnis,"$3,000",0%,0%,0%,0.0,0.0,42169027,Peteris Pinnis,Peteris Pinnis (42169027),PROV,3000,2026-03-04,MARQ@PROV,0.0,1,1,exact_name,matched
G/F,,Amarion Dickerson,"$3,800",0%,0%,0%,0.0,0.0,42168781,Amarion Dickerson,Amarion Dickerson (42168781),USC,3800,2026-03-04,USC@UW,0.0,3,1,exact_name,matched
G,,EJ Neal Jr.,"$3,000",0%,0%,0%,0.0,0.0,42169109,EJ Neal Jr.,EJ Neal Jr. (42169109),USC,3000,2026-03-04,USC@UW,0.0,3,1,exact_name,matched
G,,Jack Lusk,"$3,000",0%,0%,0%,0.0,0.0,42169149,Jack Lusk,Jack Lusk (42169149),PUR,3000,2026-03-04,PUR@NW,0.0,5,1,exact_name,matched
G,,Kordel Jefferson,"$3,000",0%,0%,0%,0.0,0.0,42168918,Kordel Jefferson,Kordel Jefferson (42168918),UH,3000,2026-03-04,BAY@UH,0.0,5,1,exact_name,matched
F,,Timo Malovec,"$3,200",0%,0%,0%,0.0,0.0,42168852,Timo Malovec,Timo Malovec (42168852),MIA,3200,2026-03-04,MIA@SMU,0.0,2,1,exact_name,matched
F,,Evan Stinson,"$3,000",0%,0%,0%,0.0,0.0,42168970,Evan Stinson,Evan Stinson (42168970),STAN,3000,2026-03-04,STAN@ND,0.0,2,1,exact_name,matched
G,,Jordyn Kee,"$3,000",0%,0%,0%,0.0,0.0,42169133,Jordyn Kee,Jordyn Kee (42169133),MIA,3000,2026-03-04,MIA@SMU,0.0,2,1,exact_name,matched
G,,Amere Brown,"$3,000",0%,0%,0%,0.0,0.0,42169129,Amere Brown,Amere Brown (42169129),ARK,3000,2026-03-04,TEX@ARK,0.0,4,1,exact_name,matched
G,,RJ Spencer,"$3,000",0%,0%,0%,0.0,0.0,42169111,RJ Spencer,RJ Spencer (42169111),MINN,3000,2026-03-04,MINN@IU,0.0,2,1,exact_name,matched
G,,JJ Mandaquit,"$3,000",0%,0%,0%,0.0,0.0,42168904,JJ Mandaquit,JJ Mandaquit (42168904),UW,3000,2026-03-04,USC@UW,0.0,2,1,exact_name,matched
G,,Ilija Milijasevic,"$3,000",0%,0%,0%,0.0,0.0,42168887,Ilija Milijasevic,Ilija Milijasevic (42168887),DPU,3000,2026-03-04,VU@DPU,0.0,1,1,exact_name,matched
G,,Bryce Jackson,"$3,000",0%,0%,0%,0.0,0.0,42169063,Bryce Jackson,Bryce Jackson (42169063),UH,3000,2026-03-04,BAY@UH,0.0,5,1,exact_name,matched
F,,Cole Bott,"$3,000",0%,0%,0%,0.0,0.0,42169007,Cole Bott,Cole Bott (42169007),TEX,3000,2026-03-04,TEX@ARK,0.0,4,1,exact_name,matched
F,,Alier Maluk,"$3,000",0%,0%,0%,0.0,0.0,42169031,Alier Maluk,Alier Maluk (42169031),FSU,3000,2026-03-04,FSU@PITT,0.0,1,1,exact_name,matched
G,,Ryan Cornish,"$3,000",0%,0%,0%,0.0,0.0,42169162,Ryan Cornish,Ryan Cornish (42169162),USC,3000,2026-03-04,USC@UW,0.0,3,1,exact_name,matched
G/F,,Karim Rtail,"$3,000",0%,0%,0%,0.0,0.0,42169164,Karim Rtail,Karim Rtail (42169164),ARK,3000,2026-03-04,TEX@ARK,0.0,4,1,exact_name,matched
G,,Phoenix Gill,"$3,000",0%,0%,0%,0.0,0.0,42169153,Phoenix Gill,Phoenix Gill (42169153),NW,3000,2026-03-04,PUR@NW,0.0,1,1,exact_name,matched
G,,Max Green,"$3,400",0%,0%,0%,0.0,0.0,42168828,Max Green,Max Green (42168828),NW,3400,2026-03-04,PUR@NW,0.0,1,1,exact_name,matched
F,,Tallis Toure,"$3,000",0%,0%,0%,0.0,0.0,42168964,Tallis Toure,Tallis Toure (42168964),STAN,3000,2026-03-04,STAN@ND,0.0,2,1,exact_name,matched
G,,Drew Perry,"$3,000",0%,0%,0%,0.0,0.0,42169119,Drew Perry,Drew Perry (42169119),BAY,3000,2026-03-04,BAY@UH,0.0,3,1,exact_name,matched
G,,Zion Stanford,"$3,000",0%,0%,0%,0.0,0.0,42169121,Zion Stanford,Zion Stanford (42169121),VU,3000,2026-03-04,VU@DPU,0.0,3,1,exact_name,matched
F,,Ian Miletic,"$3,000",0%,0%,0%,0.0,0.0,42168948,Ian Miletic,Ian Miletic (42168948),MARQ,3000,2026-03-04,MARQ@PROV,0.0,2,1,exact_name,matched
G,,Tryce Grensing,"$3,000",0%,0%,0%,0.0,0.0,42169117,Tryce Grensing,Tryce Grensing (42169117),IU,3000,2026-03-04,MINN@IU,0.0,3,1,exact_name,matched
G,,Anthon McDermott,"$3,000",0%,0%,0%,0.0,0.0,42169123,Anthon McDermott,Anthon McDermott (42169123),TEX,3000,2026-03-04,TEX@ARK,0.0,4,1,exact_name,matched
G,,Jaden Karuletwa,"$3,000",0%,0%,0%,0.0,0.0,42169143,Jaden Karuletwa,Jaden Karuletwa (42169143),ARK,3000,2026-03-04,TEX@ARK,0.0,4,1,exact_name,matched
F,,Jacob Ognacevic,"$3,000",0%,0%,0%,0.0,0.0,42168908,Jacob Ognacevic,Jacob Ognacevic (42168908),UW,3000,2026-03-04,USC@UW,0.0,2,1,exact_name,matched
F,,Cade Bennerman,"$3,000",0%,0%,0%,0.0,0.0,42168972,Cade Bennerman,Cade Bennerman (42168972),NW,3000,2026-03-04,PUR@NW,0.0,1,1,exact_name,matched
G/F,,Marcus Allen,"$3,000",0%,0%,0%,0.0,0.0,42169159,Marcus Allen,Marcus Allen (42169159),MIA,3000,2026-03-04,MIA@SMU,0.0,2,1,exact_name,matched
G,,Jordan Rayford,"$3,000",0%,0%,0%,0.0,0.0,42168934,Jordan Rayford,Jordan Rayford (42168934),IU,3000,2026-03-04,MINN@IU,0.0,3,1,exact_name,matched
F,,Kieran Mullen,"$3,000",0%,0%,0%,0.0,0.0,42169039,Kieran Mullen,Kieran Mullen (42169039),PITT,3000,2026-03-04,FSU@PITT,0.0,2,1,exact_name,matched
G,,Jack Janicki,"$3,000",0%,0%,0%,0.0,0.0,42168910,Jack Janicki,Jack Janicki (42168910),WISC,3000,2026-03-04,UMD@WISC,0.0,3,1,exact_name,matched
F,,Lewis Obiorah,"$3,000",0%,0%,0%,0.0,0.0,42168978,Lewis Obiorah,Lewis Obiorah (42168978),TEX,3000,2026-03-04,TEX@ARK,0.0,4,1,exact_name,matched
F,,Nigel Walls,"$3,000",0%,0%,0%,0.0,0.0,42169011,Nigel Walls,Nigel Walls (42169011),SMU,3000,2026-03-04,MIA@SMU,0.0,4,1,exact_name,matched
F,,Mitchell Holmes,"$3,000",0%,0%,0%,0.0,0.0,42169041,Mitchell Holmes,Mitchell Holmes (42169041),SMU,3000,2026-03-04,MIA@SMU,0.0,4,1,exact_name,matched
G/F,,Jaylen Harrell,"$3,000",0%,0%,0%,0.0,0.0,42168894,Jaylen Harrell,Jaylen Harrell (42168894),PROV,3000,2026-03-04,MARQ@PROV,0.0,1,1,exact_name,matched
G,,Malcolm Flaggs,"$3,000",0%,0%,0%,0.0,0.0,42169053,Malcolm Flaggs,Malcolm Flaggs (42169053),VU,3000,2026-03-04,VU@DPU,0.0,3,1,exact_name,matched
G,,B.J. Edwards,"$7,400",0%,0%,0%,0.0,0.0,42168569,B.J. Edwards,B.J. Edwards (42168569),SMU,7400,2026-03-04,MIA@SMU,0.0,4,1,exact_name,matched
G,,Desmond Claude,"$3,000",0%,0%,0%,0.0,0.0,42168902,Desmond Claude,Desmond Claude (42168902),UW,3000,2026-03-04,USC@UW,0.0,2,1,exact_name,matched
F,,Nico Onyekwere,"$3,400",0%,0%,0%,0.0,0.0,42168832,Nico Onyekwere,Nico Onyekwere (42168832),VU,3400,2026-03-04,VU@DPU,0.0,3,1,exact_name,matched
F,,Khaman Maker,"$3,000",0%,0%,0%,0.0,0.0,42168924,Khaman Maker,Khaman Maker (42168924),DPU,3000,2026-03-04,VU@DPU,0.0,1,1,exact_name,matched
G,,Jason Drake,"$3,000",0%,0%,0%,0.0,0.0,42168932,Jason Drake,Jason Drake (42168932),IU,3000,2026-03-04,MINN@IU,0.0,3,1,exact_name,matched
G,,Wade Chiddick,"$3,000",0%,0%,0%,0.0,0.0,42169021,Wade Chiddick,Wade Chiddick (42169021),VU,3000,2026-03-04,VU@DPU,0.0,3,1,exact_name,matched
G,,Amsal Delalic,"$3,000",0%,0%,0%,0.0,0.0,42168928,Amsal Delalic,Amsal Delalic (42168928),DPU,3000,2026-03-04,VU@DPU,0.0,1,1,exact_name,matched
G,,Rakease Passmore,"$3,000",0%,0%,0%,0.0,0.0,42168952,Rakease Passmore,Rakease Passmore (42168952),UMD,3000,2026-03-04,UMD@WISC,0.0,4,1,exact_name,matched
F,,Dishon Jackson,"$3,000",0%,0%,0%,0.0,0.0,42168940,Dishon Jackson,Dishon Jackson (42168940),PITT,3000,2026-03-04,FSU@PITT,0.0,2,1,exact_name,matched
F,,Josh Harris,"$3,000",0%,0%,0%,0.0,0.0,42168930,Josh Harris,Josh Harris (42168930),IU,3000,2026-03-04,MINN@IU,0.0,3,1,exact_name,matched
F,,Pharrel Payne,"$8,000",0%,0%,0%,0.0,0.0,42168539,Pharrel Payne,Pharrel Payne (42168539),UMD,8000,2026-03-04,UMD@WISC,0.0,4,1,exact_name,matched
F,,Billy White III,"$3,000",0%,0%,0%,0.0,0.0,42168995,Billy White III,Billy White III (42168995),SMU,3000,2026-03-04,MIA@SMU,0.0,4,1,exact_name,matched
F,,Brit Burden,"$3,000",0%,0%,0%,0.0,0.0,42168968,Brit Burden,Brit Burden (42168968),USC,3000,2026-03-04,USC@UW,0.0,3,1,exact_name,matched
G,,Jack Williams,"$3,000",0%,0%,0%,0.0,0.0,42169115,Jack Williams,Jack Williams (42169115),PROV,3000,2026-03-04,MARQ@PROV,0.0,1,1,exact_name,matched
F,,Nehemiah Turner,"$3,000",0%,0%,0%,0.0,0.0,42169073,Nehemiah Turner,Nehemiah Turner (42169073),MINN,3000,2026-03-04,MINN@IU,0.0,2,1,exact_name,matched
F,,Jonas Johnson,"$3,000",0%,0%,0%,0.0,0.0,42168997,Jonas Johnson,Jonas Johnson (42168997),DPU,3000,2026-03-04,VU@DPU,0.0,1,1,exact_name,matched
F,,Salih Altuntas,"$3,000",0%,0%,0%,0.0,0.0,42169049,Salih Altuntas,Salih Altuntas (42169049),MIA,3000,2026-03-04,MIA@SMU,0.0,2,1,exact_name,matched
F,,Matthew MacLellan,"$3,200",0%,0%,0%,0.0,0.0,42168867,Matthew MacLellan,Matthew MacLellan (42168867),ND,3200,2026-03-04,STAN@ND,0.0,1,1,exact_name,matched
F,,Jaylen Crocker-Johnson,"$7,800",0%,0%,0%,0.0,0.0,42168549,Jaylen Crocker-Johnson,Jaylen Crocker-Johnson (42168549),MINN,7800,2026-03-04,MINN@IU,0.0,2,1,exact_name,matched
G,,Casey O'Malley,"$3,000",0%,0%,0%,0.0,0.0,42169097,Casey O'Malley,Casey O'Malley (42169097),MARQ,3000,2026-03-04,MARQ@PROV,0.0,2,1,exact_name,matched
F,,Jajuan Nelson,"$3,000",0%,0%,0%,0.0,0.0,42169005,Jajuan Nelson,Jajuan Nelson (42169005),PITT,3000,2026-03-04,FSU@PITT,0.0,2,1,exact_name,matched
G/F,,Jaziah Harper,"$3,000",0%,0%,0%,0.0,0.0,42169167,Jaziah Harper,Jaziah Harper (42169167),UMD,3000,2026-03-04,UMD@WISC,0.0,4,1,exact_name,matched
F,,Sam King,"$3,000",0%,0%,0%,0.0,0.0,42169001,Sam King,Sam King (42169001),PUR,3000,2026-03-04,PUR@NW,0.0,5,1,exact_name,matched
F,,Kebba Njie,"$3,000",0%,0%,0%,0.0,0.0,42168912,Kebba Njie,Kebba Njie (42168912),ND,3000,2026-03-04,STAN@ND,0.0,1,1,exact_name,matched
F,,Gus Hurlburt,"$3,000",0%,0%,0%,0.0,0.0,42168993,Gus Hurlburt,Gus Hurlburt (42168993),NW,3000,2026-03-04,PUR@NW,0.0,1,1,exact_name,matched
G,,John Laboy II,"$3,000",0%,0%,0%,0.0,0.0,42169105,John Laboy II,John Laboy II (42169105),MIA,3000,2026-03-04,MIA@SMU,0.0,2,1,exact_name,matched
G,,Max Lorenson,"$3,000",0%,0%,0%,0.0,0.0,42169083,Max Lorenson,Max Lorenson (42169083),MINN,3000,2026-03-04,MINN@IU,0.0,2,1,exact_name,matched
G,,Chance Stephens,"$3,000",0%,0%,0%,0.0,0.0,42169081,Chance Stephens,Chance Stephens (42169081),MINN,3000,2026-03-04,MINN@IU,0.0,2,1,exact_name,matched
G,,Ian Stephens,"$3,000",0%,0%,0%,0.0,0.0,42169141,Ian Stephens,Ian Stephens (42169141),IU,3000,2026-03-04,MINN@IU,0.0,3,1,exact_name,matched
G,,Kai Shinholster,"$3,100",0.20%,0%,0%,4.54,-0.5,42168879,Kai Shinholster,Kai Shinholster (42168879),MINN,3100,2026-03-04,MINN@IU,0.0,2,1,exact_name,matched
G,,Nate Kasher,"$3,000",0%,0%,0%,0.0,-0.5,42169091,Nate Kasher,Nate Kasher (42169091),DPU,3000,2026-03-04,VU@DPU,0.0,1,1,exact_name,matched
G,,Aleksa Ristic,"$3,000",0%,0%,0%,0.0,-0.5,42169137,Aleksa Ristic,Aleksa Ristic (42169137),IU,3000,2026-03-04,MINN@IU,0.0,3,1,exact_name,matched
